product_id,sku,name,category,subcategory,current_price,currency,is_discontinued,introduced_dt,discontinued_dt
1,SKU---Z-9-,Vel,Home,Sub3,838.32,AUD,False,2017-01-30,
2,SKU-9A-Z0-,Eum,Electronics,Sub3,135.51,AUD,True,2021-12-19,2027-01-17
3,SKU--99900,Incidunt,Electronics,Sub1,248.08,AUD,True,2023-08-12,2026-12-07
4,SKU-Z---A-,Repellendus,Clothing,Sub1,53.58,AUD,False,2014-08-09,
5,SKU-9-A-9-,Doloremque,Home,Sub1,328.62,AUD,False,2016-03-13,
6,SKU-A9A9AA,Rerum,Clothing,Sub2,809.89,AUD,False,2011-11-08,
7,SKU-09-AZA,Repellat,Home,Sub2,319.72,AUD,False,2021-04-21,
8,SKU-ZA----,Delectus,Electronics,Sub2,770.31,AUD,False,2016-06-25,
9,SKU-A0-000,Pariatur,Home,Sub3,384.12,AUD,False,2011-12-28,
10,SKU--0-Z-0,Repellendus,Electronics,Sub2,516.57,AUD,False,2018-04-16,
11,SKU---A0Z9,Labore,Sports,Sub3,416.08,AUD,False,2022-07-10,
12,SKU--9--ZA,Quaerat,Electronics,Sub3,866.6,AUD,False,2021-11-09,
13,SKU-9-9Z9A,Alias,Electronics,Sub2,384.31,AUD,False,2021-11-07,
14,SKU--ZA-9-,Earum,Sports,Sub2,648.73,AUD,False,2016-11-24,
15,SKU-A--09-,Ab,Sports,Sub2,780.51,AUD,True,2010-12-01,2015-10-19
16,SKU--ZZZ09,Porro,Electronics,Sub2,686.35,AUD,False,2010-07-10,
17,SKU-Z0Z0-Z,Corrupti,Home,Sub2,560.53,AUD,False,2014-01-01,
18,SKU-9--90A,Fugit,Clothing,Sub2,298.46,AUD,False,2014-11-06,
19,SKU-ZZ9---,Dolorum,Electronics,Sub3,N/A,AUD,False,2012-10-10,
20,SKU--9-9A-,Assumenda,Electronics,Sub3,999.45,AUD,True,2019-02-14,2024-03-09
21,SKU-0A-ZA-,Perspiciatis,Electronics,Sub1,723.08,AUD,False,2010-03-10,
22,SKU-ZAAA--,Error,Home,Sub3,383.52,AUD,False,2021-02-26,
23,SKU-ZAA9-0,Neque,Electronics,Sub3,67.37,AUD,False,2011-08-04,
24,SKU-9-ZAZ-,Suscipit,Clothing,Sub1,36.11,AUD,False,2019-02-19,
25,SKU-----9-,Tempora,Home,Sub1,424.09,AUD,True,2010-10-26,2014-12-28
26,SKU-9-A0-Z,Exercitationem,Electronics,Sub1,434.38,AUD,False,2011-01-15,
27,SKU--0A-A9,Voluptates,Sports,Sub1,611.35,AUD,False,2010-08-12,
28,SKU--AZ909,Eligendi,Sports,Sub3,819.22,AUD,False,2014-02-11,
29,SKU-A0900-,Minima,Electronics,Sub3,963.5,AUD,False,2016-10-26,
30,SKU-Z0Z--0,Illo,Electronics,Sub1,648.68,AUD,False,2012-10-13,
31,SKU-ZA9099,Voluptatibus,Sports,Sub2,292.91,AUD,False,2010-05-10,
32,SKU---0--9,Nihil,Electronics,Sub3,645.33,AUD,False,2020-03-26,
33,SKU--ZZ--0,Adipisci,Clothing,Sub1,301.46,AUD,False,2016-12-11,
34,SKU--ZA---,Quis,Sports,Sub2,478.25,AUD,False,2012-08-22,
35,SKU--A-990,Id,Clothing,Sub3,665.92,AUD,False,2015-06-22,
36,SKU-ZAZA-0,Deserunt,Sports,Sub3,553.76,AUD,False,2013-04-21,
37,SKU-0-9-Z9,Temporibus,Electronics,Sub3,634.05,AUD,False,2014-11-10,
38,SKU-0-9A90,Mollitia,Home,Sub2,752.92,AUD,False,2014-04-23,
39,SKU----Z--,Illum,Sports,Sub3,10.97,AUD,False,2021-07-11,
40,SKU-0AA00A,Iusto,Electronics,Sub1,341.49,AUD,False,2010-07-28,
41,SKU---9ZA0,Tenetur,Clothing,Sub3,N/A,AUD,False,2021-09-14,
42,SKU-09-90A,Praesentium,Home,Sub2,896.76,AUD,False,2023-06-07,
43,SKU---9A90,Laudantium,Sports,Sub2,559.91,AUD,True,2021-01-14,2025-05-17
44,SKU---A9A-,Illo,Clothing,Sub1,0.0,AUD,False,2020-03-07,
45,SKU---Z-9Z,Vero,Electronics,Sub1,212.87,AUD,False,2013-09-07,
46,SKU--A-A-0,Quas,Clothing,Sub1,577.7,AUD,False,2012-09-20,
47,SKU-A-Z0Z9,Cupiditate,Home,Sub3,329.79,AUD,False,2018-11-15,
48,SKU-AZ0AZA,Recusandae,Sports,Sub3,404.38,AUD,False,2013-03-07,
49,SKU----A90,Asperiores,Clothing,Sub3,201.45,AUD,False,2019-06-02,
50,SKU-9-9Z09,Atque,Clothing,Sub3,543.97,AUD,False,2021-07-23,
51,SKU--0Z9AZ,In,Electronics,Sub2,927.83,AUD,False,2020-09-23,
52,SKU---A-00,Modi,Home,Sub3,0.0,AUD,False,2017-11-01,
53,SKU-9AZ90-,Expedita,Clothing,Sub2,158.84,AUD,True,2013-11-28,2014-08-03
54,SKU--0-0-A,Repudiandae,Clothing,Sub1,546.44,AUD,False,2010-05-13,
55,SKU-A9A-9Z,Excepturi,Home,Sub3,298.95,AUD,False,2023-08-02,
56,SKU-99-A--,Rerum,Home,Sub1,753.66,AUD,True,2019-11-25,2020-09-07
57,SKU-00-00-,Iure,Sports,Sub2,782.45,AUD,False,2011-06-05,
58,SKU---00--,Beatae,Clothing,Sub2,162.38,AUD,False,2017-03-07,
59,SKU-A99-9Z,Culpa,Electronics,Sub3,794.48,AUD,False,2016-01-16,
60,SKU-00-Z9Z,Molestias,Home,Sub2,900.77,AUD,False,2017-09-07,
61,SKU-Z--0-0,Aliquam,Home,Sub2,254.16,AUD,False,2021-12-12,
62,SKU-ZA----,Debitis,Clothing,Sub2,763.88,AUD,False,2020-11-03,
63,SKU-00----,Odio,Sports,Sub2,861.85,AUD,False,2012-05-20,
64,SKU-ZAZ9-0,Nostrum,Clothing,Sub1,775.27,AUD,False,2015-11-14,
65,SKU-9Z--9A,Similique,Clothing,Sub2,173.17,AUD,False,2017-06-25,
66,SKU--ZA0ZA,Esse,Home,Sub3,334.49,AUD,False,2013-11-22,
67,SKU-0-A-90,Totam,Electronics,Sub2,N/A,AUD,False,2013-05-11,
68,SKU--AZA00,Necessitatibus,Electronics,Sub2,609.02,AUD,False,2020-09-20,
69,SKU---Z---,Distinctio,Electronics,Sub2,913.76,AUD,False,2019-05-02,
70,SKU--0--00,Minus,Home,Sub3,515.11,AUD,False,2016-04-09,
71,SKU---Z90Z,Expedita,Electronics,Sub1,814.29,AUD,False,2017-06-15,
72,SKU--AAZAZ,Eos,Home,Sub2,878.6,AUD,False,2012-08-06,
73,SKU-0ZA-ZA,Porro,Home,Sub3,190.33,AUD,False,2016-10-20,
74,SKU-0---0-,Officiis,Sports,Sub1,899.88,AUD,False,2016-07-25,
75,SKU-Z9--A9,Pariatur,Electronics,Sub3,78.9,AUD,False,2013-11-17,
76,SKU----A--,Deserunt,Clothing,Sub2,0.0,AUD,False,2021-08-27,
77,SKU-0-9Z--,Exercitationem,Clothing,Sub1,409.99,AUD,False,2020-03-24,
78,SKU-ZZ09Z0,At,Clothing,Sub3,864.11,AUD,False,2017-04-19,
79,SKU-9A9-00,Repellat,Electronics,Sub3,553.88,AUD,False,2019-11-10,
80,SKU-90A-0-,Reprehenderit,Clothing,Sub3,926.83,AUD,False,2013-11-14,
81,SKU---0-9-,Occaecati,Clothing,Sub2,243.91,AUD,False,2015-04-22,
82,SKU-9---9Z,Sed,Clothing,Sub1,727.54,AUD,False,2021-01-22,
83,SKU-Z0-AZ-,Doloribus,Sports,Sub1,452.36,AUD,False,2023-01-22,
84,SKU--0A---,Nemo,Sports,Sub3,911.56,AUD,False,2014-10-22,
85,SKU----Z--,Iure,Clothing,Sub1,370.66,AUD,False,2011-03-21,
86,SKU-ZAA0--,Mollitia,Home,Sub1,724.82,AUD,False,2021-07-15,
87,SKU-0AA--9,Aliquid,Home,Sub1,648.95,AUD,False,2022-11-14,
88,SKU-AZ-90-,Sit,Electronics,Sub1,732.47,AUD,False,2017-10-23,
89,SKU-9Z0Z-9,Eos,Clothing,Sub3,580.78,AUD,False,2011-11-09,
90,SKU--AA0--,Praesentium,Sports,Sub2,165.83,AUD,False,2020-04-29,
91,SKU-A-A-99,Nesciunt,Electronics,Sub2,138.21,AUD,False,2012-09-17,
92,SKU---Z999,Repellendus,Clothing,Sub3,0.0,AUD,False,2017-07-26,
93,SKU-990A9-,Voluptas,Sports,Sub3,99.2,AUD,True,2022-07-11,2026-08-17
94,SKU--A9--Z,Iure,Home,Sub2,26.94,AUD,False,2014-05-06,
95,SKU-999A09,Inventore,Electronics,Sub1,778.6,AUD,False,2020-03-05,
96,SKU-ZZ-Z0-,Animi,Electronics,Sub1,36.77,AUD,False,2013-07-03,
97,SKU-0Z0-AA,Quae,Electronics,Sub2,174.69,AUD,False,2019-12-09,
98,SKU-0--0A-,Est,Clothing,Sub3,865.41,AUD,False,2010-03-04,
99,SKU-A-ZAA9,Id,Home,Sub3,770.73,AUD,False,2019-06-29,
100,SKU-Z9A-Z0,Vero,Sports,Sub2,843.16,AUD,False,2015-08-20,
101,SKU-AA-AAA,Consectetur,Electronics,Sub2,739.32,AUD,False,2015-02-26,
102,SKU-Z0A00-,Neque,Electronics,Sub3,673.49,AUD,False,2013-04-28,
103,SKU-A9AA0Z,At,Electronics,Sub1,63.34,AUD,False,2017-06-13,
104,SKU-0-ZZZZ,Repellat,Home,Sub2,N/A,AUD,False,2021-12-04,
105,SKU-Z-0090,Maiores,Sports,Sub1,999.76,AUD,False,2014-06-30,
106,SKU-Z00-00,Ullam,Electronics,Sub2,702.48,AUD,False,2010-09-20,
107,SKU-00A0ZZ,Unde,Home,Sub1,N/A,AUD,False,2012-10-15,
108,SKU-Z99A--,Perspiciatis,Home,Sub1,321.9,AUD,False,2011-06-23,
109,SKU-AAZ---,Incidunt,Sports,Sub3,651.55,AUD,False,2023-03-29,
110,SKU-9-0-A0,Ratione,Sports,Sub3,490.11,AUD,False,2020-11-17,
111,SKU-ZZ--0-,Quae,Sports,Sub3,451.61,AUD,True,2015-12-04,2017-02-14
112,SKU----AA0,Nisi,Home,Sub1,842.62,AUD,False,2010-08-13,
113,SKU-A--Z99,Reiciendis,Home,Sub3,N/A,AUD,False,2022-01-21,
114,SKU--Z-A0A,Vero,Clothing,Sub3,881.38,AUD,False,2021-07-05,
115,SKU-Z0-A0-,Animi,Clothing,Sub2,327.0,AUD,False,2014-01-13,
116,SKU-0-ZA-A,Dolores,Sports,Sub3,594.53,AUD,False,2023-06-16,
117,SKU-00--9-,Placeat,Sports,Sub1,237.04,AUD,False,2011-12-26,
118,SKU-AZ-090,Officia,Sports,Sub1,383.61,AUD,False,2020-04-28,
119,SKU-0Z9-A9,Inventore,Sports,Sub3,936.2,AUD,False,2015-12-17,
120,SKU--0-ZAA,Molestiae,Sports,Sub2,934.08,AUD,False,2015-06-15,
121,SKU----A--,Ipsam,Sports,Sub2,881.53,AUD,False,2015-10-19,
122,SKU-0-A---,Harum,Home,Sub3,0.0,AUD,False,2015-07-27,
123,SKU-0--99-,Voluptate,Home,Sub2,348.31,AUD,False,2010-12-25,
124,SKU-90ZA--,Quibusdam,Home,Sub3,269.56,AUD,False,2019-08-15,
125,SKU-9-AAZZ,Sequi,Clothing,Sub3,489.4,AUD,False,2011-06-20,
126,SKU----9-Z,Sit,Home,Sub2,154.01,AUD,False,2019-12-07,
127,SKU--A---Z,Laborum,Sports,Sub3,543.02,AUD,False,2015-08-02,
128,SKU-Z0--0-,Illo,Electronics,Sub1,979.11,AUD,False,2011-02-08,
129,SKU-9--9--,Repellendus,Electronics,Sub2,54.04,AUD,False,2020-08-22,
130,SKU-9A-9--,Praesentium,Home,Sub2,976.11,AUD,False,2012-03-30,
131,SKU-0-0AAZ,Ratione,Sports,Sub2,584.56,AUD,False,2016-07-30,
132,SKU-9Z9-0-,Suscipit,Sports,Sub2,269.51,AUD,True,2016-12-20,2019-01-03
133,SKU-0-0AZ-,In,Home,Sub2,807.21,AUD,True,2012-12-07,2014-07-26
134,SKU--0900-,Magnam,Electronics,Sub3,607.61,AUD,False,2011-03-16,
135,SKU-9A---0,Tenetur,Sports,Sub1,483.58,AUD,False,2016-12-19,
136,SKU-AA0A-Z,Est,Sports,Sub1,N/A,AUD,False,2021-08-06,
137,SKU-A-A-A0,Voluptates,Home,Sub2,136.57,AUD,False,2013-11-17,
138,SKU-90A-Z0,Enim,Clothing,Sub3,920.33,AUD,True,2021-11-10,2023-07-17
139,SKU-9-Z00Z,Est,Clothing,Sub2,639.2,AUD,False,2015-12-09,
140,SKU---A-99,Natus,Home,Sub3,N/A,AUD,False,2018-03-29,
141,SKU-9-A-Z0,Soluta,Electronics,Sub2,541.89,AUD,False,2021-01-07,
142,SKU-9-0-0Z,Reiciendis,Electronics,Sub2,834.28,AUD,False,2013-10-22,
143,SKU-9AA9-Z,Facilis,Clothing,Sub2,717.61,AUD,False,2018-09-03,
144,SKU-Z9----,Sequi,Sports,Sub2,0.0,AUD,False,2018-11-21,
145,SKU--AZ0-Z,Consequuntur,Home,Sub3,433.22,AUD,False,2014-09-19,
146,SKU--0-A-0,Expedita,Home,Sub3,599.8,AUD,False,2020-03-28,
147,SKU--9-00-,Occaecati,Sports,Sub1,985.43,AUD,False,2012-12-24,
148,SKU--09ZZ0,Minus,Clothing,Sub3,183.28,AUD,False,2014-07-27,
149,SKU------0,Pariatur,Clothing,Sub1,0.0,AUD,False,2022-09-16,
150,SKU-9A----,Necessitatibus,Electronics,Sub1,24.75,AUD,False,2010-01-18,
151,SKU-0-0009,Facere,Clothing,Sub2,130.49,AUD,False,2016-08-17,
152,SKU-A0A-Z9,Earum,Sports,Sub2,94.2,AUD,False,2011-01-24,
153,SKU--0-Z-9,Quae,Sports,Sub2,0.0,AUD,False,2010-05-19,
154,SKU-ZA-9ZZ,Ipsam,Sports,Sub2,0.0,AUD,False,2018-09-30,
155,SKU-A9Z0AA,Explicabo,Electronics,Sub2,11.57,AUD,False,2017-04-07,
156,SKU-Z---A0,Veritatis,Sports,Sub3,552.75,AUD,False,2013-02-27,
157,SKU---9-0-,Unde,Electronics,Sub2,562.45,AUD,False,2022-09-09,
158,SKU-909-9-,Occaecati,Sports,Sub1,459.0,AUD,True,2020-03-12,2025-06-30
159,SKU-A9A---,Recusandae,Home,Sub1,309.7,AUD,True,2010-02-17,2014-09-02
160,SKU-ZZ0-ZA,Neque,Sports,Sub3,674.25,AUD,False,2016-08-28,
161,SKU--9-AA9,Voluptatem,Sports,Sub2,441.39,AUD,False,2013-02-28,
162,SKU--0-A9A,Mollitia,Electronics,Sub2,353.15,AUD,False,2020-11-26,
163,SKU---0A--,Sed,Home,Sub2,59.28,AUD,False,2014-12-04,
164,SKU--Z-A-0,Sapiente,Electronics,Sub1,614.92,AUD,False,2016-04-12,
165,SKU---A9-0,Facilis,Home,Sub1,425.49,AUD,False,2022-03-01,
166,SKU-AAZ-09,Suscipit,Electronics,Sub2,614.31,AUD,False,2012-06-13,
167,SKU-A9-90A,Reprehenderit,Home,Sub3,42.5,AUD,True,2019-08-26,2023-04-02
168,SKU-9AZ09A,Architecto,Sports,Sub2,234.73,AUD,False,2022-09-23,
169,SKU---Z-0-,In,Clothing,Sub2,419.29,AUD,False,2021-07-18,
170,SKU-A-Z-9-,Vero,Clothing,Sub3,776.94,AUD,False,2019-01-17,
171,SKU-A--9Z0,Nostrum,Sports,Sub2,919.21,AUD,False,2011-05-11,
172,SKU--9A000,Voluptate,Home,Sub1,931.64,AUD,False,2022-04-10,
173,SKU-900ZZ-,Sint,Sports,Sub2,N/A,AUD,False,2011-02-15,
174,SKU-Z0ZA-Z,Officiis,Home,Sub1,19.64,AUD,True,2017-06-23,2022-10-22
175,SKU-0999ZA,Quasi,Sports,Sub1,996.81,AUD,False,2021-05-20,
176,SKU-9A-Z-Z,Nisi,Clothing,Sub2,33.56,AUD,False,2018-04-27,
177,SKU-AA9-9Z,Nemo,Electronics,Sub1,901.1,AUD,False,2011-05-03,
178,SKU-0AAZ9A,Sint,Home,Sub1,891.69,AUD,False,2019-10-29,
179,SKU--0A0-9,Vero,Electronics,Sub1,914.32,AUD,False,2011-06-23,
180,SKU---9Z0Z,Tenetur,Clothing,Sub2,N/A,AUD,False,2010-09-15,
181,SKU--A9-ZA,Eius,Home,Sub2,990.58,AUD,False,2013-11-28,
182,SKU-ZZ--9-,Itaque,Electronics,Sub3,N/A,AUD,False,2022-12-15,
183,SKU-A0-0-A,Itaque,Sports,Sub3,53.65,AUD,False,2015-06-03,
184,SKU-Z-999-,Beatae,Sports,Sub1,30.31,AUD,False,2020-04-13,
185,SKU-9-Z-ZA,Sint,Clothing,Sub2,319.97,AUD,False,2018-10-10,
186,SKU-Z---0A,Necessitatibus,Electronics,Sub3,857.45,AUD,True,2010-09-19,2014-03-12
187,SKU-09AZ-A,Magni,Sports,Sub2,159.95,AUD,False,2011-12-26,
188,SKU-0A---Z,Ullam,Sports,Sub2,569.94,AUD,False,2013-11-01,
189,SKU---A-00,Soluta,Sports,Sub2,360.19,AUD,False,2015-09-27,
190,SKU-9-A-0A,Cumque,Clothing,Sub1,555.22,AUD,False,2019-09-05,
191,SKU-9-A9-9,Quod,Electronics,Sub1,689.53,AUD,False,2019-09-24,
192,SKU--0--ZZ,Doloremque,Electronics,Sub2,469.11,AUD,False,2013-10-03,
193,SKU-AA-Z9-,Harum,Clothing,Sub3,163.03,AUD,False,2020-10-03,
194,SKU-ZAZAZ9,Consequatur,Clothing,Sub3,63.43,AUD,False,2016-08-09,
195,SKU-Z--A9-,Ducimus,Electronics,Sub1,733.83,AUD,False,2021-10-09,
196,SKU--9-Z0-,Recusandae,Clothing,Sub1,637.7,AUD,False,2016-03-19,
197,SKU-900Z--,Laborum,Home,Sub1,0.0,AUD,False,2019-05-17,
198,SKU-9A-Z00,Adipisci,Clothing,Sub1,403.9,AUD,False,2022-01-19,
199,SKU--A9-9A,Laboriosam,Clothing,Sub1,612.04,AUD,False,2013-07-27,
200,SKU--ZZ9-A,Quisquam,Sports,Sub2,90.35,AUD,False,2012-08-28,
201,SKU--A-0ZA,Assumenda,Sports,Sub2,703.42,AUD,False,2011-11-21,
202,SKU-ZZA-ZZ,Nemo,Clothing,Sub3,688.01,AUD,False,2014-03-25,
203,SKU-9A0-ZZ,Tenetur,Electronics,Sub2,391.49,AUD,False,2012-08-20,
204,SKU-0-Z9--,Tempore,Sports,Sub3,519.54,AUD,False,2010-11-18,
205,SKU--99A0-,Possimus,Clothing,Sub3,575.18,AUD,False,2014-12-13,
206,SKU-Z90Z--,Consequuntur,Clothing,Sub1,268.13,AUD,False,2010-10-12,
207,SKU--90ZA9,Corporis,Home,Sub2,472.24,AUD,False,2022-08-23,
208,SKU-9Z-090,Vero,Sports,Sub2,568.67,AUD,False,2016-01-28,
209,SKU-0A90--,Quis,Home,Sub3,376.24,AUD,False,2010-03-06,
210,SKU-ZZ0A--,Hic,Electronics,Sub2,845.8,AUD,False,2015-05-17,
211,SKU-9-Z--Z,Rerum,Clothing,Sub1,293.06,AUD,False,2015-12-10,
212,SKU-ZZAZ-0,Veniam,Electronics,Sub3,772.62,AUD,False,2010-05-29,
213,SKU-A-9099,Explicabo,Home,Sub1,553.49,AUD,True,2022-06-29,2024-05-04
214,SKU--9Z-9Z,Voluptatibus,Electronics,Sub2,653.98,AUD,False,2011-02-03,
215,SKU---999A,Quidem,Sports,Sub2,450.26,AUD,False,2022-12-13,
216,SKU-Z--009,Minus,Sports,Sub3,633.01,AUD,False,2013-06-03,
217,SKU-AZZ9A-,Sint,Home,Sub1,685.59,AUD,False,2011-06-23,
218,SKU-0-09AZ,Natus,Sports,Sub1,225.44,AUD,False,2011-12-13,
219,SKU-A-0--A,Dicta,Sports,Sub1,723.64,AUD,False,2014-03-08,
220,SKU-Z9Z--Z,Blanditiis,Clothing,Sub3,696.29,AUD,False,2015-02-02,
221,SKU-ZZ---A,Adipisci,Sports,Sub2,432.55,AUD,False,2010-10-12,
222,SKU---AA0A,Modi,Electronics,Sub1,207.9,AUD,True,2010-04-26,2013-05-06
223,SKU-90ZA--,Rerum,Home,Sub3,498.07,AUD,False,2019-10-02,
224,SKU--0ZZ00,Voluptatum,Electronics,Sub3,982.65,AUD,False,2013-08-15,
225,SKU-ZAZ-Z-,Ut,Clothing,Sub3,958.77,AUD,False,2018-06-16,
226,SKU-AZZ09-,Odit,Home,Sub1,278.84,AUD,False,2021-01-11,
227,SKU-9A--0Z,Ipsam,Sports,Sub3,889.59,AUD,True,2018-08-23,2019-11-23
228,SKU--A-Z90,Laudantium,Home,Sub2,284.08,AUD,False,2018-02-09,
229,SKU-9AA9--,Iste,Electronics,Sub3,N/A,AUD,False,2016-02-04,
230,SKU-99--0A,Odio,Clothing,Sub1,193.01,AUD,False,2010-01-05,
231,SKU--0A-9Z,Eius,Clothing,Sub3,98.91,AUD,False,2014-07-12,
232,SKU-0-0-0-,Saepe,Clothing,Sub1,173.32,AUD,False,2020-11-07,
233,SKU-9--0-0,Doloremque,Home,Sub1,426.15,AUD,False,2014-08-31,
234,SKU-90ZA-A,Vitae,Electronics,Sub2,133.44,AUD,True,2012-09-18,2016-04-10
235,SKU-ZAZ00Z,Doloremque,Sports,Sub2,11.18,AUD,False,2022-08-03,
236,SKU-ZZ00-9,Laboriosam,Home,Sub2,885.97,AUD,True,2014-07-08,2016-12-13
237,SKU-A9AZAZ,Eos,Sports,Sub3,47.26,AUD,False,2016-02-10,
238,SKU--A900A,Odio,Sports,Sub3,213.83,AUD,False,2023-04-25,
239,SKU-ZA-Z-A,Et,Home,Sub3,242.42,AUD,True,2017-01-16,2020-10-04
240,SKU----Z0-,Saepe,Clothing,Sub2,972.65,AUD,False,2016-07-21,
241,SKU-A9AZ-Z,Quo,Sports,Sub2,945.3,AUD,False,2022-12-21,
242,SKU-0Z--AZ,Vitae,Sports,Sub3,N/A,AUD,False,2012-11-17,
243,SKU-----99,Dolore,Sports,Sub1,17.9,AUD,False,2022-10-22,
244,SKU-A9A0-A,Repellendus,Home,Sub2,633.99,AUD,False,2018-04-24,
245,SKU-A-A---,Dolor,Electronics,Sub1,387.69,AUD,True,2015-01-05,2018-06-18
246,SKU---AZA9,Nobis,Home,Sub3,598.96,AUD,False,2023-01-23,
247,SKU-A-90A0,Commodi,Sports,Sub2,557.02,AUD,False,2017-05-04,
248,SKU----A-A,Reiciendis,Electronics,Sub1,413.32,AUD,False,2013-01-16,
249,SKU-0-Z-ZZ,Quas,Sports,Sub3,456.25,AUD,False,2021-04-25,
